{
  "name": "projects/project-id/agent/entityTypes/EnergyType",
  "kind": "KIND_MAP",
  "entities": [
    {
      "value": "solar",
      "synonyms": [
        "solar",
        "सौर",
        "सोलर"
      ]
    },
    {
      "value": "wind",
      "synonyms": [
        "wind",
        "पवन",
        "वायु"
      ]
    },
    {
      "value": "hydro",
      "synonyms": [
        "hydro",
        "जल",
        "हाइड्रो"
      ]
    },
    {
      "value": "geothermal",
      "synonyms": [
        "geothermal",
        "भू‑तापीय"
      ]
    },
    {
      "value": "biomass",
      "synonyms": [
        "biomass",
        "जैव‑द्रव्य"
      ]
    }
  ]
}